Wavelength,Work,label,0.727581795
937.7,44.24972,1,0.478800245
548.66,17.23371,1,0.882475343
762.74,49.07867,-1,0.137206136
825.76,46.62928,1,0.791391874
549.61,12.42933,-1,0.452688584
672.13,17.86412,1,0.653386929
853.22,51.79723,-1,0.198851883
819.5,51.88908,-1,0.538345682
644.4,19.01656,1,0.597426572
985.58,39.41687,1,0.08141857
642.97,19.61526,1,0.394190014
858.53,52.36907,-1,0.97948016
844.55,45.40279,1,0.382372973
1017.53,36.74202,-1,0.022501009
721.94,41.09897,-1,0.330943629
516.87,8.17683,-1,0.704437146
670.69,18.39439,1,0.870286881
539.63,11.77199,-1,0.509626951
660.17,18.37097,1,0.557683815
547.71,18.63679,1,0.819476609
832.02,46.99725,1,0.932839086
966.72,41.0987,1,0.68165457
740.65,48.71296,1,0.233031039
928.04,45.0448,1,0.838688286
707.08,31.2128,-1,0.441106428
561.49,19.97378,1,0.375619542
913.06,48.54385,-1,0.277706739
593.37,13.99329,-1,0.24959817
864.31,46.90936,1,0.92090868
1002.52,41.89954,-1,0.784810679
1038.36,44.99252,-1,0.072547008
1013.17,39.61023,-1,0.757424974
717.15,41.1958,1,0.053237637
647.27,19.09121,1,0.315582146
616.24,20.72611,1,0.000151535
570.52,13.93799,-1,0.990659033
695.58,27.13531,1,0.568874909
617.2,14.20558,-1,0.323171929
1047.08,47.86944,1,0.813706664
639.15,14.26739,-1,0.08942616
1045.14,47.91812,-1,0.247158841
524.93,14.43863,1,0.75462829
889.4,51.6861,-1,0.864215641
514.97,13.0736,1,0.085373808
605.75,14.45751,-1,0.70946869
785.33,47.13127,1,0.660736197
806.5,51.75987,-1,0.464589275
712.83,39.8641,1,0.281991497
550.56,18.70074,1,0.170218243
985.58,37.44394,-1,0.575444716
600.99,14.13768,-1,0.029377665
830.57,50.47008,-1,0.277526506
846.96,45.89376,1,0.972131959
947.37,41.63652,1,0.803325451
806.5,46.58473,1,0.905684694
931.9,43.62766,1,0.526471257
757.46,48.84148,-1,0.463690032
694.15,25.33551,1,0.435123873
868.17,45.41484,1,0.012447213
636.29,20.83098,1,0.296236164
996.71,38.37548,-1,0.819852021
530.14,14.8318,1,0.026094066
781.97,50.45882,-1,0.736437433
600.04,14.35417,-1,0.96740685
876.86,49.2471,-1,0.104616444
947.86,42.63738,-1,0.678065559
641.54,13.67896,-1,0.730705711
973,40.39906,1,0.356158422
1034.48,47.95652,1,0.988404117
612.91,14.37021,-1,0.532915511
646.32,13.26128,-1,0.228022079
731.54,46.47332,1,0.873458936
671.17,12.63521,-1,0.626585544
765.62,48.9849,-1,0.056097976
534.89,16.93435,1,0.3463251
571.95,13.95417,-1,0.391880791
958.98,39.98117,1,0.273416551
558.63,19.4572,1,0.75907969
635.81,14.72026,-1,0.553712793
771.39,46.20058,1,0.800032404
521.13,9.6589,-1,0.622248981
505.02,6.57438,-1,0.92457373
1022.37,41.69192,-1,0.335173531
597.18,13.78125,-1,0.190255469
614.81,21.82516,1,0.332612255
662.09,12.49705,-1,0.965575028
787.74,44.90581,1,0.197287789
737.77,47.11755,-1,0.729019451
746.41,47.47744,-1,0.770512432
886.99,50.42625,-1,0.454216388
627.22,14.67049,-1,0.791804729
797.36,49.83818,-1,0.673563306
749.29,47.12727,1,0.776520933
596.7,19.97201,1,0.125964591
704.69,35.12085,1,0.890146216
914.03,49.53921,-1,0.747729366
778.12,45.71437,1,0.177947496
805.06,45.25889,1,0.487873301
779.08,48.95762,-1,0.062891216
517.81,8.47811,-1,0.008118801
900.02,47.6886,1,0.261817041
505.97,8.0577,-1,0.445639816
910.16,47.57622,1,0.083009738
724.34,44.36565,1,0.113284465
620.06,14.6101,-1,0.116513986
800.72,50.90041,-1,0.476100295
540.11,16.35526,1,0.153320657
942.54,43.13303,-1,0.877434669
786.29,50.01186,-1,0.902274134
945.44,42.57968,1,0.063425786
922.72,45.08082,1,0.204829058
676.44,18.62704,1,0.784314859
648.7,12.81905,-1,0.663795004
921.76,47.01406,-1,0.651711225
675,18.23608,1,0.424321499
915.96,50.69665,-1,0.6950842
548.18,12.87225,-1,0.897551129
901.47,49.12457,-1,0.275078778
517.34,7.47212,-1,0.409099798
544.86,16.54436,1,0.607717453
576.23,13.59762,-1,0.632365366
1041.26,44.34286,-1,0.369198187
986.55,39.10307,-1,0.834133675
985.1,43.31481,1,0.92278972
994.29,42.58168,1,0.788529265
1028.67,49.04761,1,0.970145205
865.76,51.75593,-1,0.796881841
722.42,41.71882,-1,0.188574716
778.12,48.18495,-1,0.689104913
852.26,46.60174,1,0.830105838
839.73,50.06873,-1,0.390252882
824.31,51.52116,-1,0.230268389
841.17,46.25146,1,0.584464043
814.2,51.25325,-1,0.005067549
942.54,42.87266,1,0.631368378
1044.66,47.77213,1,0.483074961
551.03,12.55747,-1,0.710751151
639.63,14.39063,-1,0.049375537
901.95,50.18502,-1,0.412750771
855.15,48.94611,-1,0.278804754
685.53,13.55468,-1,0.093585041
700.37,25.35761,-1,0.29096381
702.77,33.26823,1,0.710060391
816.13,51.39389,-1,0.261612109
769.95,45.64691,1,0.145118073
685.05,19.64258,1,0.113912145
865.76,47.06861,1,0.586241224
688.4,21.01077,1,0.252049656
534.41,10.48482,-1,0.459980106
807.94,46.70991,1,0.059203229
881.68,53.35338,-1,0.14693867
640.58,20.28639,1,0.105952709
761.3,48.55207,-1,0.561763417
653.96,18.39842,1,0.685042484
600.51,19.41097,1,0.696233199
763.7,46.65285,1,0.258202364
1017.05,37.53478,-1,0.09953017
723.38,43.69689,1,0.293440665
536.79,11.34265,-1,0.86199723
1014.63,40.45396,-1,0.116113167
627.69,14.32785,-1,0.782251651
744.01,46.8316,1,0.732942419
979.29,41.01827,1,0.7048851
871.55,50.60492,-1,0.597104418
840.21,49.79264,-1,0.242846626
731.54,44.70318,-1,0.781630057
1035.94,45.67308,-1,0.864414582
733.93,45.5445,1,0.742387969
782.45,49.84845,-1,0.085383071
863.83,46.51252,1,0.149454078
729.62,45.27918,1,0.763455997
644.88,13.54297,-1,0.501610019
902.44,50.04394,-1,0.287193365
1035.45,46.45584,1,0.947514116
637.72,20.90691,1,0.883991719
574.8,19.37786,1,0.567062926
611.48,20.14403,1,0.969474605
844.07,49.99256,-1,0.875335456
887.47,50.12764,-1,0.041950208
881.2,46.8324,1,0.272868701
574.33,19.44869,1,0.018337881
605.75,20.23693,1,0.759149695
794.47,50.51971,-1,0.940546215
855.63,50.09498,-1,0.477741665
542.96,17.42128,1,0.876414796
966.72,36.50478,-1,0.801938822
712.35,36.00654,-1,0.202344611
972.04,37.33987,-1,0.039587684
1008.82,43.92203,1,0.153809686
929.97,47.77563,-1,0.006068409
955.59,38.76388,-1,0.869632187
796.88,51.7593,-1,0.984601537
544.38,12.25145,-1,0.400290245
523.98,9.82498,-1,0.670286971
808.91,49.94761,-1,0.166542065
785.81,46.40917,1,0.346284888
999.62,42.42341,1,0.474681705
752.65,48.5658,-1,0.442244359
869.14,47.36128,1,0.271855676
617.2,20.23688,1,0.092144702
609.09,20.71524,1,0.344320836
925.14,47.16347,-1,0.612594387
653.48,12.47046,-1,0.375634456
945.92,42.60529,-1,0.4676552
691.75,17.09506,-1,0.228644194
956.08,38.69586,-1,0.944810843
883.13,46.98094,1,0.09772015
618.15,20.98606,1,0.777321336
937.22,43.40643,1,0.284433369
748.33,48.65354,-1,0.832479323
1002.04,41.59641,1,0.402471235
917.89,48.35979,-1,0.887336143
1042.23,44.17508,-1,0.846571929
638.67,20.69341,1,0.718377312
529.19,9.84021,-1,0.759646491
833.95,50.35867,-1,0.758795832
697.98,23.56239,-1,0.242016605
826.72,46.64652,1,0.867997601
590.03,13.96017,-1,0.865022385
769.47,48.62578,-1,0.885956524
535.36,10.93979,-1,0.232448881
599.08,20.55295,1,0.251213026
691.27,22.93283,1,0.403860886
785.81,49.16816,-1,0.466375754
793.99,50.79118,-1,0.891846361
730.1,46.27958,1,0.008712566
997.2,42.9331,1,0.810151189
893.75,51.32282,-1,0.204293764
715.71,37.87378,-1,0.160450152
892.3,51.79279,-1,0.299690768
840.69,46.25122,1,0.8319744
659.7,18.20906,1,0.459586914
527.77,8.93049,-1,0.808198579
818.05,51.99099,-1,0.122706677
512.6,7.95635,-1,0.343037094
552.93,18.87379,1,0.136175174
852.26,50.61966,-1,0.122804877
550.56,12.82336,-1,0.944991789
632.94,21.07376,1,0.871834716
834.43,51.50816,-1,0.463198719
809.39,46.51546,1,0.45113652
683.14,19.31387,1,0.811979403
1047.56,51.29684,1,0.325588798
797.36,46.2024,1,0.866085485
991.39,37.29854,-1,0.254856343
1023.83,46.57633,-1,0.872714427
898.57,50.43369,-1,0.291583671
1029.15,48.39245,1,0.52541541
544.38,17.55683,1,0.353991723
767.55,49.16861,-1,0.452737952
791.1,46.50319,1,0.903917093
854.19,45.71783,1,0.824008617
583.37,20.23107,1,0.2008756
505.49,7.26082,-1,0.252682943
559.11,18.74941,1,0.918807319
591.46,20.77639,1,0.698300596
996.23,39.73998,-1,0.36615942
934.32,46.67357,-1,0.369505315
699.9,25.9692,-1,0.323817306
648.23,13.41705,-1,0.787597118
818.53,46.51557,1,0.861008957
1000.1,38.47927,-1,0.953688748
708.04,36.82371,1,0.263321942
732.02,45.16635,-1,0.11830706
555.78,19.37275,1,0.967665056
715.23,40.30846,1,0.156297415
959.46,39.29637,1,0.895937525
726.74,45.55309,1,0.04264471
649.18,12.95523,-1,0.377243755
552.93,12.37874,-1,0.955842495
614.34,14.30143,-1,0.149776706
768.03,45.56953,1,0.502981826
1011.24,45.10578,1,0.69440908
716.67,41.78282,1,0.017812021
1041.75,41.31658,-1,0.856446802
509.76,7.91429,-1,0.799645735
720.02,39.76908,-1,0.142384071
503.6,11.5525,1,0.967878789
935.77,44.02742,1,0.856470912
652.05,18.4064,1,0.163791375
604.8,20.80339,1,0.122321574
580.51,13.90466,-1,0.565841486
775.72,48.99119,-1,0.10245759
510.7,11.8031,1,0.936897455
818.53,50.52584,-1,0.765572662
590.99,14.01769,-1,0.748959598
613.86,14.3015,-1,0.996916634
734.41,45.66798,1,0.066952914
556.26,18.78321,1,0.193833965
730.1,44.48615,-1,0.353640536
557.68,13.60859,-1,0.682548638
535.84,15.86512,1,0.133441443
873.96,51.85711,-1,0.026735488
973.49,39.83622,1,0.808496821
944.47,43.48598,1,0.741975891
973.49,35.00294,-1,0.635937804
975.91,37.39397,-1,0.794311475
805.06,51.63863,-1,0.306998761
590.99,20.21654,1,0.531668314
854.67,46.51911,1,0.057357225
944.47,42.502,-1,0.115820219
732.5,45.87245,-1,0.962427039
831.06,50.37532,-1,0.317563695
659.22,18.40679,1,0.614749637
954.14,39.78724,-1,0.690954244
523.03,14.20472,1,0.22961697
913.06,46.8697,1,0.930293334
668.3,17.91729,1,0.803987739
1049.02,36.48409,-1,0.946714203
703.25,33.99574,1,0.63637833
896.64,52.03512,-1,0.811579332
1003.01,38.46956,-1,0.487274205
588.6,14.36798,-1,0.935768801
1003.98,41.16885,1,0.209066754
560.54,19.0733,1,0.407960317
823.83,45.4865,1,0.508768571
921.27,45.94051,1,0.813589954
619.11,20.8453,1,0.3102774
872.03,51.7697,-1,0.747392962
599.56,19.93672,1,0.820533611
508.81,8.18923,-1,0.134828624
633.9,14.1715,-1,0.365594298
595.27,20.15093,1,0.250632289
543.43,12.34632,-1,0.659619978
981.71,38.69596,-1,0.927888817
646.79,12.81411,-1,0.542815149
716.19,37.96291,-1,0.319640105
611.95,21.37338,1,0.284852283
1007.85,46.1159,1,0.953726197
994.78,42.26425,1,0.526129013
681.7,13.04843,-1,0.357975731
1024.8,40.25735,-1,0.752791498
1043.2,45.10466,-1,0.950109961
569.57,20.35625,1,0.676995361
783.41,50.12599,-1,0.945279406
861.42,46.01051,1,0.0020685
850.33,46.10801,1,0.441541635
515.44,7.86811,-1,0.697963194
965.26,36.79253,-1,0.997327261
837.32,50.72576,-1,0.44620246
869.62,45.56705,1,0.948747245
582.89,19.77373,1,0.289904817
914.03,46.02235,1,0.103321911
721.94,43.6363,1,0.974316259
891.82,49.71558,-1,0.408096732
820.94,46.40184,1,0.980170071
558.16,12.96587,-1,0.722059503
527.3,10.39328,-1,0.16984325
875.41,50.85997,-1,0.166576171
729.62,43.55183,-1,0.390713314
579.08,14.01531,-1,0.236284175
565.76,13.18228,-1,0.492435135
540.58,17.12076,1,0.718025195
890.85,47.72573,1,0.553724434
1041.26,50.74922,1,0.428147702
786.77,50.94935,-1,0.646539164
843.1,49.71144,-1,0.461830781
569.09,14.36814,-1,0.214771395
562.91,14.39043,-1,0.097394934
502.65,7.55482,-1,0.254468694
836.84,46.54409,1,0.886243568
594.32,13.8214,-1,0.75475217
524.93,9.51566,-1,0.962740269
932.39,43.96951,1,0.406706617
1026.25,51.624,1,0.625780501
1015.11,39.24205,-1,0.291401247
912.58,50.80698,-1,0.369324124
997.2,37.86045,-1,0.016871138
739.21,46.86088,1,0.9328795
789.18,46.66864,1,0.33374148
702.77,27.88685,-1,0.159026465
924.66,49.15127,-1,0.811931148
576.23,20.15555,1,0.173592922
967.68,40.30437,1,0.345150296
1037.39,45.85058,1,0.649761378
1005.91,39.16249,-1,0.995670899
606.23,20.49086,1,0.631513728
756.98,45.85865,1,0.655856875
643.45,13.49331,-1,0.134947146
697.98,29.08823,1,0.415530153
1021.89,45.77292,1,0.145379799
669.26,12.17521,-1,0.242914872
950.27,40.97787,1,0.829275973
523.03,9.66236,-1,0.882460862
607.66,13.84682,-1,0.80804564
501.7,7.0493,-1,0.130827015
652.53,18.68905,1,0.729940681
542.01,16.8979,1,0.770055668
943.5,42.29423,1,0.769429183
1019.95,46.7233,1,0.831644318
817.57,52.02773,-1,0.963915388
631.99,14.31875,-1,0.638997108
572.9,13.95478,-1,0.558361382
556.26,13.20925,-1,0.925420598
699.42,25.1385,-1,0.822535293
514.97,7.63595,-1,0.465746218
790.14,50.34671,-1,0.61775545
800.72,45.96822,1,0.544231372
1006.4,45.82081,1,0.492281206
958.49,37.57682,-1,0.269616337
988.49,36.35114,-1,0.493740731
610.52,14.0301,-1,0.080538373
619.11,13.99095,-1,0.531580971
988.49,41.39665,1,0.647292444
1009.3,37.60584,-1,0.975162546
701.81,32.34797,1,0.549510455
926.59,46.82314,-1,0.174157049
945.92,42.70184,1,0.170106765
744.01,46.93029,-1,0.605703805
642.02,13.89688,-1,0.474480927
735.85,46.71757,-1,0.022658574
977.84,40.47618,1,0.873205108
595.75,14.23963,-1,0.945358413
845.99,51.18418,-1,0.854405097
558.63,13.45216,-1,0.154193812
826.72,50.4991,-1,0.411431522
677.39,18.72764,1,0.719860048
739.69,46.17097,-1,0.969184915
657.78,18.4111,1,0.051326174
619.58,13.99228,-1,0.387890189
838.28,45.85395,1,0.767724203
768.03,48.35206,-1,0.820991158
993.33,42.18882,1,0.33353713
897.61,52.17945,-1,0.792643769
924.66,45.84645,1,0.511036563
670.69,12.44546,-1,0.644809126
982.2,41.36541,1,0.588738639
542.01,11.03787,-1,0.459531711
539.63,16.15587,1,0.853755456
775.72,45.7108,1,0.371579251
863.83,53.24933,-1,0.227069327
808.42,45.93877,1,0.225523102
758.42,48.10509,-1,0.130272836
906.78,49.22128,-1,0.945009604
681.22,12.63435,-1,0.030354721
714.27,40.33884,1,0.026407969
783.41,46.44037,1,0.1141121
847.92,50.8521,-1,0.046850514
589.08,20.54942,1,0.764394086
617.67,20.39883,1,0.467385552
654.92,12.60604,-1,0.091791071
774.75,49.51253,-1,0.223752243
661.13,12.37947,-1,0.858763649
618.15,14.22112,-1,0.255587485
856.12,51.45111,-1,0.607726896
571.47,13.78982,-1,0.363191768
811.79,45.72337,1,0.717294282
684.09,19.87329,1,0.863027872
804.57,51.49678,-1,0.174957347
961.39,39.88334,1,0.709483681
553.41,12.62791,-1,0.364984972
546.28,16.79439,1,0.701566971
814.2,45.64672,1,0.598704983
626.26,14.54205,-1,0.815597694
995.75,41.34108,1,0.200157859
834.91,49.94267,-1,0.549362662
519.71,9.05024,-1,0.075732527
751.21,45.19741,1,0.334510046
802.65,46.30547,1,0.106084862
705.17,30.36375,-1,0.036441642
672.61,12.07534,-1,0.204493048
779.56,49.76615,-1,0.636914934
913.54,46.17797,1,0.161479235
804.57,46.02022,1,0.112939745
893.26,50.01977,-1,0.609938044
724.34,42.15494,-1,0.518051019
717.63,40.11704,-1,0.211526735
778.6,45.69265,1,0.709965473
607.18,14.48022,-1,0.538889562
988.97,39.5968,1,0.258394565
793.51,46.16485,1,0.7823329
744.97,46.73216,-1,0.811870048
733.93,44.8677,-1,0.509495965
909.68,48.10789,1,0.381994784
805.54,51.13382,-1,0.868871264
918.38,49.27151,-1,0.322542241
704.21,29.68308,-1,0.073345723
820.94,52.08731,-1,0.749580003
506.44,6.61455,-1,0.678553795
654.92,18.49421,1,0.69310779
823.35,47.44451,1,0.538812453
930.94,48.60625,-1,0.949280536
662.56,12.24651,-1,0.040884564
981.23,39.69321,1,0.445474795
1003.49,42.62475,1,0.650365986
755.54,45.95228,1,0.485382058
871.07,47.43349,1,0.158759916
838.76,46.30802,1,0.980266413
869.14,50.259,-1,0.146603938
970.1,37.37922,-1,0.542303239
561.96,14.1115,-1,0.4228914
686.97,14.16695,-1,0.701328156
550.08,13.19501,-1,0.925734581
776.68,46.18567,1,0.491291082
726.26,43.97796,-1,0.940830704
648.23,18.69341,1,0.106649547
567.19,14.07179,-1,0.778670114
856.6,46.5596,1,0.012366757
885.06,52.38548,-1,0.592128999
1039.81,46.41616,1,0.477667774
624.35,14.05146,-1,0.951652997
984.62,39.53058,1,0.244838519
832.5,45.92146,1,0.139372422
803.61,46.74093,1,0.516763871
559.11,13.81287,-1,0.381970905
1032.55,40.80942,-1,0.284167493
1018.5,44.12062,1,0.353409668
510.7,7.9618,-1,0.669828288
763.22,45.26983,1,0.618660211
914.51,50.01027,-1,0.961834363
531.09,10.08722,-1,0.904277479
799.28,45.73257,1,0.842836733
500.76,6.98574,-1,0.829777523
851.3,50.3912,-1,0.685237244
556.73,12.93576,-1,0.864862
1011.72,46.5738,1,0.851523082
782.93,44.98935,1,0.803656323
910.16,49.01858,-1,0.418691269
842.62,51.80628,-1,0.090944149
859.01,48.85956,-1,0.020611568
897.13,48.85141,-1,0.597968666
723.86,42.76215,-1,0.194296822
843.58,47.20888,1,0.521597471
846.47,50.40808,-1,0.411975466
904.85,46.73562,1,0.760272407
531.57,10.06705,-1,0.658232739
900.51,49.83893,-1,0.62247405
657.31,18.51385,1,0.829327593
802.17,46.52715,1,0.977908161
664.48,12.57476,-1,0.510040572
633.42,21.07538,1,0.40170474
524.45,14.45791,1,0.48198246
988.97,40.22456,-1,0.718526117
1042.23,46.67299,1,0.467024666
532.52,15.48411,1,0.363504056
883.61,50.07305,-1,0.30893485
603.37,19.99848,1,0.029022421
719.07,39.54809,-1,0.481537931
926.11,48.97659,-1,0.917955968
774.27,49.04365,-1,0.132167951
951.24,38.7646,-1,0.042535266
596.22,14.21333,-1,0.865195566
802.65,50.44342,-1,0.859995841
863.35,46.75808,1,0.621741515
783.89,49.58976,-1,0.300869973
645.84,19.76309,1,0.174071999
708.04,32.69935,-1,0.029166646
697.5,22.61582,-1,0.52543564
672.61,17.80372,1,0.931759471
755.06,47.64653,-1,0.730766446
709.96,34.05049,-1,0.974730248
532.99,11.71907,-1,0.647086121
578.13,13.92321,-1,0.341541506
847.44,46.44404,1,0.92820719
781,49.06475,-1,0.465852488
889.4,48.49838,1,0.73938123
529.67,9.26226,-1,0.32269736
1000.59,43.46982,1,0.369390015
963.81,36.37841,-1,0.355187862
1018.5,39.64658,-1,0.109226553
506.91,10.78107,1,0.761072688
809.39,51.35438,-1,0.845840514
744.49,46.31799,-1,0.30320893
696.54,27.44982,1,0.14415378
993.81,40.49247,1,0.300979762
782.93,49.92377,-1,0.481757182
931.42,47.948,-1,0.328763515
767.07,48.22909,-1,0.512598165
595.27,13.68441,-1,0.107721205
515.92,12.13176,1,0.363532534
1003.01,44.95606,1,0.406406593
986.07,44.75537,1,0.446511301
1010.27,43.13249,1,0.360844343
912.1,49.40066,-1,0.560330798
1018.98,40.99209,-1,0.818216921
916.44,49.74926,-1,0.89918157
992.84,36.27165,-1,0.649867169
834.91,46.00824,1,0.460594602
516.39,8.38445,-1,0.163728897
564.34,19.62001,1,0.90782962
826.24,49.76815,-1,0.835613995
738.73,46.76234,1,0.1274174
910.65,46.98534,1,0.151251022
907.27,46.92605,1,0.665224921
626.74,14.27911,-1,0.144711188
611.95,13.97423,-1,0.319989027
990.42,35.81371,-1,0.291974896
629.13,14.67921,-1,0.270802895
735.85,46.3435,1,0.439393131
922.24,47.55239,-1,0.388299633
942.05,44.165,-1,0.186522601
562.44,14.04003,-1,0.950966418
816.61,50.18443,-1,0.579955114
811.31,46.63606,1,0.613605953
897.61,48.06815,1,0.074151913
709.96,38.51287,1,0.548526285
683.61,13.22397,-1,0.068796681
692.71,17.78206,-1,0.241127798
675.96,12.59991,-1,0.172987183
868.17,50.23183,-1,0.933814104
768.51,46.27618,1,0.233577157
750.73,46.28458,1,0.898982864
774.27,45.08367,1,0.471603223
905.82,51.1645,-1,0.900226378
981.23,37.58434,-1,0.744173793
927.56,46.64005,-1,0.673064581
540.11,11.66487,-1,0.895380541
835.87,45.6304,1,0.451831505
673.09,18.66328,1,0.365960271
935.77,45.18298,-1,0.461049343
1011.72,41.52312,-1,0.663379531
748.81,47.68403,-1,0.482575301
940.12,45.19335,1,0.89070541
563.86,19.38177,1,0.482706878
993.81,36.91354,-1,0.954066866
746.89,47.58239,-1,0.018051686
728.66,45.04993,1,0.489917223
965.75,38.29808,1,0.231538308
688.4,14.82347,-1,0.868241163
666.87,18.13715,1,0.351579845
864.8,50.60537,-1,0.355267859
1022.86,42.41847,-1,0.567404445
592.89,19.85567,1,0.178324934
605.28,20.2358,1,0.154189659
547.71,12.01692,-1,0.642479053
823.35,49.40465,-1,0.46514272
986.55,39.24493,1,0.172856056
736.33,47.34257,-1,0.827866876
517.81,12.32634,1,0.07703883
894.71,49.88175,-1,0.420284224
861.9,49.72382,-1,0.158432709
900.02,49.48566,-1,0.697391639
622.44,13.93504,-1,0.299560776
524.45,9.43144,-1,0.780269231
880.72,46.38588,1,0.616243923
959.94,39.68101,1,0.140111025
719.07,41.16726,1,0.439964094
750.73,47.55265,-1,0.067882815
989.94,36.82417,-1,0.517000295
589.56,18.9372,1,0.269269229
674.52,17.8789,1,0.268791214
625.78,14.06031,-1,0.034878982
853.22,46.37004,1,0.485579803
724.82,44.90559,1,0.455453157
617.67,14.4822,-1,0.720641949
653,18.96449,1,0.64192557
881.2,48.82572,-1,0.597337536
857.56,46.82682,1,0.932476725
896.16,47.2442,1,0.419174844
780.04,50.51946,-1,0.272744946
873,50.65505,-1,0.485489039
590.51,20.41038,1,0.676039507
658.26,13.03213,-1,0.505113727
809.87,45.97184,1,0.512935244
905.33,50.29432,-1,0.359611203
527.3,14.43986,1,0.112461164
668.78,12.1734,-1,0.694700518
589.56,14.03947,-1,0.621102785
989.45,42.21335,1,0.892490177
957.53,39.94701,1,0.628960733
541.06,16.36995,1,0.117373011
528.72,14.37267,1,0.536501311
506.44,13.11848,1,0.748295728
828.65,52.35884,-1,0.000801673
1025.76,48.68866,1,0.529860975
860.94,50.56515,-1,0.744990398
920.79,45.01689,-1,0.209803856
999.62,37.81921,-1,0.186892119
578.13,20.08268,1,0.005273033
640.11,13.70021,-1,0.654465065
712.83,36.51284,-1,0.795000186
522.08,8.90397,-1,0.70680237
995.26,36.56797,-1,0.861805962
934.8,44.19738,-1,0.163044157
539.16,15.97296,1,0.981916019
829.13,47.05852,1,0.934972902
841.66,51.12097,-1,0.995251446
852.74,51.8703,-1,0.784238222
616.72,21.38479,1,0.791530416
647.75,18.86483,1,0.659158116
661.13,18.19385,1,0.11749629
545.33,18.10121,1,0.04793296
753.14,46.27967,1,0.984320499
538.68,16.31936,1,0.401340443
575.28,14.17416,-1,0.100491036
779.56,45.19943,1,0.254253775
898.09,49.52431,1,0.24874827
626.74,21.01603,1,0.514013671
669.74,12.20278,-1,0.706217232
554.36,12.97833,-1,0.608213786
988,34.68695,-1,0.319800351
967.68,35.8442,-1,0.578714208
825.28,53.04101,-1,0.439901436
959.94,34.60961,-1,0.924573389
850.81,45.71674,1,0.036201993
624.35,20.83371,1,0.44407345
518.29,13.18936,1,0.561247259
899.06,48.93601,1,0.997556262
705.64,35.51653,1,0.170434193
766.59,48.63429,-1,0.696175145
977.84,35.62448,-1,0.36377176
725.78,43.47149,-1,0.909257262
719.54,39.69764,-1,0.602498235
766.1,49.17817,-1,0.863099837
513.55,11.47492,1,0.100520209
667.35,18.38453,1,0.465932231
885.54,49.53087,-1,0.577436055
565.29,19.83583,1,0.196119152
769.47,46.51559,1,0.416545262
810.83,50.98596,-1,0.245193546
751.69,46.489,1,0.081873757
785.33,49.76067,-1,0.454550068
866.24,46.34564,1,0.6389633
621.01,21.19465,1,0.506081521
1029.64,47.3104,1,0.9465586
875.89,51.39807,-1,0.12977461
539.16,11.33325,-1,0.375284334
781.97,45.76378,1,0.485612064
808.42,50.40498,-1,0.666737254
1048.53,48.51485,-1,0.364916118
568.62,19.71393,1,0.212486418
817.09,46.43994,1,0.278647144
890.85,51.16467,-1,0.337283054
1034.97,44.105,-1,0.449987947
555.78,13.13366,-1,0.652689024
511.65,11.72371,1,0.83259333
613.38,14.68687,-1,0.932103095
502.65,10.56385,1,0.291545679
554.36,18.57143,1,0.487128336
624.83,20.71017,1,0.335434119
944.95,43.50271,1,0.584186193
948.82,41.38029,1,0.225549659
690.8,22.34169,1,0.981220271
533.94,15.79929,1,0.729773104
900.51,47.97342,1,0.388568935
622.92,21.31019,1,0.673059029
877.34,49.58875,-1,0.784959311
722.42,43.68148,1,0.686686244
874.93,47.06362,1,0.407277293
710.44,35.02151,-1,0.326256474
531.09,15.63202,1,0.556827909
584.8,13.92282,-1,0.792404532
998.17,45.68339,1,0.044015051
598.61,14.19738,-1,0.779191255
999.13,37.94631,-1,0.643940445
627.69,20.54901,1,0.280388577
963.33,40.25062,1,0.667340588
766.1,45.41765,1,0.438283494
622.44,21.02598,1,0.764488103
642.49,19.51741,1,0.828157624
747.85,45.88872,1,0.035389076
503.13,11.57147,1,0.277794454
1008.82,40.1733,-1,0.890769603
882.16,46.61116,1,0.951355338
842.14,46.74106,1,0.577358967
925.14,44.92459,1,0.336894449
595.75,20.40293,1,0.857364721
761.78,45.43847,1,0.39051096
1004.94,39.50185,-1,0.157049185
586.7,13.68252,-1,0.544144184
834.43,46.5164,1,0.80573425
691.75,23.6239,1,0.874300864
661.61,12.71739,-1,0.974379334
960.43,37.46971,-1,0.195585712
764.66,46.73514,1,0.237583049
581.46,13.47775,-1,0.602491407
664,17.72793,1,0.261819071
814.68,51.8335,-1,0.602585538
527.77,15.08518,1,0.117742284
737.29,45.87937,1,0.767704607
505.97,10.88865,1,0.660055947
987.52,42.25938,1,0.944771319
886.02,47.81045,1,0.326420772
615.29,20.67713,1,0.011028164
535.84,10.96116,-1,0.196804743
501.23,8.09178,-1,0.313647342
928.04,47.95891,-1,0.174112619
817.09,50.97243,-1,0.711044803
573.37,13.28271,-1,0.240048343
545.33,12.15247,-1,0.033252444
610.04,14.31857,-1,0.83874329
963.33,37.40814,-1,0.091545841
1022.86,45.70016,1,0.797782163
870.58,50.72503,-1,0.041665062
942.05,42.56968,1,0.295519937
789.18,51.53914,-1,0.938450487
946.4,41.30985,-1,0.263157253
933.35,45.39516,1,0.163146251
562.44,18.93424,1,0.208427193
1004.46,40.30753,-1,0.005362274
662.09,18.342,1,0.870272016
500.28,7.11877,-1,0.442279989
904.85,51.78426,-1,0.154266236
741.61,46.76414,-1,0.075084284
583.37,14.24236,-1,0.199708163
611,20.7517,1,0.38498072
636.76,14.65027,-1,0.772534548
676.91,12.78086,-1,0.704368726
663.52,12.87399,-1,0.732002842
585.75,14.3949,-1,0.714022945
908.23,48.43872,-1,0.772212155
839.25,49.9548,-1,0.446455255
979.78,39.88458,1,0.148847793
710.92,34.6532,-1,0.692617694
756.5,48.47738,-1,0.097740573
971.55,39.5044,1,0.647135945
1023.83,42.64816,1,0.603375382
895.68,48.56423,-1,0.553156021
543.43,16.67087,1,0.305615136
933.35,46.61644,-1,0.138186678
687.92,20.782,1,0.33418548
501.7,11.83711,1,0.882312487
533.94,10.34291,-1,0.924974642
872.03,46.94813,1,0.760771003
858.53,46.84586,1,0.372835043
801.69,50.70167,-1,0.24718281
649.66,18.36473,1,0.53883426
910.65,49.70848,-1,0.215819905
509.76,12.51224,1,0.905412075
832.98,49.88478,-1,0.636111747
966.23,39.93889,1,0.265584833
693.67,24.42032,1,0.640139355
962.36,38.19058,-1,0.819259867
593.84,20.22429,1,0.159417463
809.87,50.92165,-1,0.169374307
909.68,49.25864,-1,0.968644802
890.37,47.91869,1,0.22782488
949.79,42.11782,1,0.841776553
721.46,41.30151,-1,0.380132598
720.02,42.61524,1,0.45134351
936.74,45.70152,-1,0.422159185
908.72,51.17752,-1,0.283323506
812.28,46.53564,1,0.483083646
548.66,12.47632,-1,0.359346506
949.31,40.43781,-1,0.020779093
678.35,18.51311,1,0.710773904
830.57,45.85207,1,0.045856241
996.23,43.94048,1,0.329516991
744.97,46.45194,1,0.634627484
941.57,42.7826,1,0.398223204
982.68,36.75121,-1,0.412411055
522.55,9.22103,-1,0.129005668
948.34,41.45419,-1,0.457037767
933.84,44.75046,1,0.722927125
771.87,45.66345,1,0.558812413
951.72,42.00373,1,0.900136909
908.23,46.61267,1,0.58960575
798.8,50.43811,-1,0.149795782
826.24,46.6753,1,0.623760072
930.45,47.24629,-1,0.433544842
1024.8,45.29828,1,0.731557284
597.65,14.3178,-1,0.331801492
607.66,20.3717,1,0.602334948
1045.62,49.15539,1,0.377135057
898.57,48.22979,1,0.791748024
957.04,39.6093,1,0.087700946
704.21,34.84752,1,0.080519644
633.42,14.45852,-1,0.266155612
813.24,52.53349,-1,0.951260966
664.48,17.95041,1,0.603409585
545.81,12.48236,-1,0.774821288
572.42,20.61713,1,0.132902883
646.79,19.68928,1,0.369301415
523.5,13.81181,1,0.793460613
655.39,18.41429,1,0.762533503
696.06,27.42416,1,0.416872698
885.54,47.23186,1,0.948964536
707.56,36.61431,1,0.647854086
576.7,20.00402,1,0.095792159
807.94,51.531,-1,0.407066267
1034,40.40988,-1,0.384947147
629.6,14.44744,-1,0.420678834
722.9,43.10874,1,0.721933797
862.87,51.27817,-1,0.229726806
509.28,8.32404,-1,0.167744058
832.98,45.89952,1,0.522718484
753.14,48.22505,-1,0.184003631
503.13,6.35208,-1,0.96938058
697.02,21.88236,-1,0.585405975
780.52,49.28036,-1,0.917405503
943.5,43.51328,-1,0.828170419
935.29,47.67192,-1,0.017881627
1012.21,43.98498,1,0.919136517
537.26,11.01263,-1,0.59183925
701.33,27.0935,-1,0.342441709
1043.69,50.64832,-1,0.085302526
622.92,14.52276,-1,0.658478613
591.94,12.90051,-1,0.900494571
635.33,14.45753,-1,0.402828175
888.92,47.24313,1,0.710181687
664.96,12.25154,-1,0.230614017
960.91,37.93937,1,0.494968529
500.76,11.27819,1,0.672192298
1024.31,49.55489,1,0.175314802
656.83,18.31732,1,0.319101584
872.51,49.71921,-1,0.83201975
695.11,25.78413,1,0.630897894
566.72,19.38344,1,0.026086071
981.71,40.54502,1,0.615971494
955.11,41.18061,1,0.383346729
742.57,46.583,1,0.047272956
602.42,14.30138,-1,0.140865326
508.81,11.87511,1,0.287964949
665.91,18.05896,1,0.492389783
1009.3,46.00252,1,0.552987315
1047.56,46.73241,-1,0.501441998
532.52,10.90586,-1,0.756204731
679.31,18.79965,1,0.569627396
587.65,14.17186,-1,0.30203003
655.87,12.63201,-1,0.897466903
810.83,46.1483,1,0.583589476
667.35,12.17483,-1,0.939570987
884.09,51.91348,-1,0.751169389
1048.53,59.67665,1,0.265088861
749.77,45.77981,1,0.873064634
564.81,13.46665,-1,0.591393033
589.08,13.24144,-1,0.156109656
1043.2,41.20901,1,0.909113701
886.51,47.30621,1,0.287698739
816.61,46.59394,1,0.42529698
734.41,45.8711,-1,0.449920742
952.69,40.02616,-1,0.212306487
960.91,37.31261,-1,0.187893059
862.38,46.64469,1,0.169603987
827.2,51.8938,-1,0.251030253
572.42,13.72076,-1,0.673728698
898.09,52.03253,-1,0.129051787
878.3,49.25739,-1,0.677383882
690.8,16.24669,-1,0.414705287
974.45,36.1247,-1,0.599275927
722.9,41.53731,-1,0.355581324
991.39,41.03886,1,0.966777933
911.61,48.00136,-1,0.067607819
570.04,13.7039,-1,0.946620456
955.11,39.67125,-1,0.84752281
743.05,47.16582,-1,0.168244441
564.81,20.37895,1,0.269362447
786.29,46.14215,1,0.363551221
1020.92,40.79269,-1,0.773307545
620.54,20.68511,1,0.179337704
626.26,21.49147,1,0.104420749
923.69,48.30038,-1,0.406316009
591.94,20.40134,1,0.00708206
839.73,47.41415,1,0.183955888
1033.03,44.51354,-1,0.997136109
665.43,12.57177,-1,0.223516217
1044.66,43.44497,-1,0.428926682
681.22,19.07294,1,0.293260883
1018.02,34.65217,-1,0.63275142
906.78,48.21158,1,0.971986916
1030.12,45.77067,-1,0.923544944
1012.21,39.87967,-1,0.050223445
628.65,20.90302,1,0.46167209
1040.78,46.44975,-1,0.871292985
1042.72,41.06436,-1,0.484868734
733.45,45.00961,1,0.233830323
575.75,20.18325,1,0.724939427
1049.99,50.63311,1,0.247429933
790.62,49.45912,-1,0.57612386
664.96,17.82625,1,0.781109006
754.1,47.30057,-1,0.792764888
686.97,20.52085,1,0.920455965
1035.94,47.3811,1,0.479350848
849.37,46.70038,1,0.211254472
992.36,38.31499,-1,0.876052506
525.87,10.05854,-1,0.759020514
832.02,49.92772,-1,0.181469456
948.34,41.38388,1,0.490060594
805.54,46.58314,1,0.290719794
538.21,16.426,1,0.578505774
585.27,14.38578,-1,0.497594066
523.5,9.90548,-1,0.716468309
887.47,46.36541,1,0.938732331
772.83,46.37843,1,0.328673678
957.53,37.46219,-1,0.793255157
869.62,49.78188,-1,0.833928827
700.85,26.25026,-1,0.381350556
917.89,47.30321,1,0.81122825
571,13.9601,-1,0.851763483
950.76,41.52341,1,0.71278192
978.81,37.74018,-1,0.229991856
808.91,46.73768,1,0.334461787
596.22,19.98287,1,0.154313756
1036.42,40.47937,-1,0.284715834
813.72,46.25429,1,0.016058653
650.62,18.66585,1,0.551823565
793.99,46.02874,1,0.269432228
620.06,20.76833,1,0.355420631
964.3,39.81276,1,0.396286223
600.04,20.32497,1,0.848920396
873.48,50.48691,-1,0.02275192
674.04,17.7267,1,0.619160096
680.74,13.02389,-1,0.970508466
680.26,12.74443,-1,0.14881516
1022.37,46.21068,1,0.627058045
512.13,12.1353,1,0.912625464
842.62,46.37565,1,0.608175223
937.22,45.85332,-1,0.847137036
814.68,45.82391,1,0.262906421
994.78,39.19893,-1,0.628090404
708.52,33.27463,-1,0.389801567
1001.07,38.85415,-1,0.967286343
689.36,21.36692,1,0.642798685
550.08,17.88696,1,0.321174287
631.99,21.16008,1,0.065541937
856.6,51.32495,-1,0.871738989
585.75,20.14304,1,0.021259104
853.71,49.72888,-1,0.445454594
938.19,44.93985,-1,0.375359982
516.87,12.67802,1,0.206187613
881.68,47.88968,1,0.883101668
850.81,50.61229,-1,0.071688421
747.37,48.20834,-1,0.02343141
1013.66,47.10057,1,0.683773881
759.86,48.46021,-1,0.753995876
792.55,46.4609,1,0.862279442
938.19,44.04987,1,0.098027987
1021.89,35.9536,-1,0.106013016
747.85,48.71313,-1,0.355467532
518.76,13.196,1,0.474773045
883.13,52.09511,-1,0.258683669
580.51,20.36869,1,0.771425327
1005.91,45.1149,1,0.898123862
650.14,18.69242,1,0.47240299
1046.11,52.86522,1,0.200147257
876.37,46.06149,1,0.747915631
838.76,50.40544,-1,0.535417113
885.06,47.5352,1,0.212240319
887.95,48.51813,1,0.893976947
532.99,16.60789,1,0.274193991
614.34,20.91802,1,0.578669396
949.79,38.96416,-1,0.22933363
899.54,47.74762,1,0.48385451
636.29,14.89721,-1,0.674263849
675.48,12.5616,-1,0.426692261
794.95,46.14744,1,0.602945253
878.79,50.53875,-1,0.87538559
1039.33,41.97332,-1,0.019323948
588.13,13.62249,-1,0.25864019
673.57,12.0003,-1,0.563052678
758.9,48.51505,-1,0.833792098
818.05,46.64959,1,0.393514484
522.08,12.97245,1,0.178040617
1031.09,48.61013,1,0.492452163
732.02,45.60251,1,0.579227118
689.84,15.93769,-1,0.332245023
760.34,46.35422,1,0.906537179
1045.14,49.86956,1,0.462048954
638.2,14.57634,-1,0.284510354
978.33,41.32553,1,0.80835658
943.99,43.83179,-1,0.379906811
650.14,13.45352,-1,0.281159344
727.7,44.17586,-1,0.10604174
952.69,40.33397,1,0.245196364
758.42,45.56068,1,0.283084214
1010.75,46.65813,1,0.117634139
920.31,46.78884,-1,0.505369937
724.82,42.68568,-1,0.395027887
692.71,24.49226,1,0.240924675
943.99,41.82936,1,0.465130272
828.17,51.73302,-1,0.927363092
679.79,13.28868,-1,0.86542245
982.68,38.3574,1,0.092971136
503.6,7.04908,-1,0.82800489
962.36,39.56132,1,0.402932133
1044.17,46.6217,1,0.968568871
845.03,45.42283,1,0.943438089
1013.17,45.10144,1,0.184674069
958.98,35.53229,-1,0.180125253
514.02,12.31335,1,0.117098654
1016.56,41.01885,-1,0.979924285
533.46,10.42986,-1,0.970798194
764.18,46.29564,1,0.777930501
761.78,48.10055,-1,0.50203343
585.27,19.96699,1,0.742003382
922.24,46.5289,1,0.606122819
568.14,13.65249,-1,0.532208531
934.32,44.4976,1,0.74516343
709.48,37.54454,1,0.203439848
504.07,10.48887,1,0.557066344
621.01,14.45794,-1,0.6586539
1031.09,42.70705,-1,0.701703991
521.61,14.94947,1,0.608608537
506.91,8.10262,-1,0.243598829
758.9,46.2922,1,0.883990998
820.46,52.91277,-1,0.534504836
520.18,8.57858,-1,0.916512559
760.34,47.44569,-1,0.940441154
900.99,48.0467,1,0.205786255
670.22,18.0167,1,0.779558142
711.4,35.67075,-1,0.662410509
984.62,37.51428,-1,0.833392094
672.13,12.17709,-1,0.455131303
777.16,48.97484,-1,0.106496421
788.22,46.26275,1,0.09602563
699.9,30.73109,1,0.696155542
1015.6,46.34504,1,0.494643778
861.9,46.14907,1,0.105851237
734.89,44.95735,-1,0.202338472
739.69,46.9558,1,0.567222162
767.07,46.73667,1,0.509868009
914.99,46.82158,1,0.018765731
991.87,39.16279,-1,0.07767093
621.49,14.26948,-1,0.784710592
549.61,17.6123,1,0.981851162
560.06,19.65692,1,0.38215662
935.29,44.86906,1,0.894943511
638.67,14.19532,-1,0.863569732
1039.33,44.29221,1,0.956104165
780.52,45.71339,1,0.246147733
922.72,48.89999,-1,0.806161617
856.12,46.0017,1,0.657451009
977.36,35.41811,-1,0.468172538
713.79,36.58767,-1,0.091096584
1034.48,40.77321,-1,0.980004596
635.33,21.17927,1,0.72869722
784.37,50.93746,-1,0.578345353
1019.47,41.87913,-1,0.91811563
929,44.74779,1,0.967736967
790.62,45.97072,1,0.762667314
627.22,20.73995,1,0.710608667
720.98,41.04385,-1,0.460282286
743.05,46.90175,1,0.772363286
914.51,45.25323,1,0.844283898
1029.64,45.77833,-1,0.806983626
813.24,47.41751,1,0.059159222
950.76,40.21877,-1,0.68696136
730.58,44.53588,-1,0.090702611
675,12.84839,-1,0.373186388
677.87,12.46754,-1,0.792111266
620.54,14.69308,-1,0.089801567
919.34,48.47954,-1,0.352236878
851.78,46.09968,1,0.675756359
713.31,36.7862,-1,0.237266045
560.54,13.30719,-1,0.510848316
659.22,12.88207,-1,0.768900571
736.33,46.46785,1,0.443052543
789.66,45.73168,1,0.410598463
1003.98,39.419,-1,0.719249714
980.26,37.98459,-1,0.435205979
531.57,15.53495,1,0.499074881
837.8,45.53901,1,0.589281421
514.5,8.35016,-1,0.936193779
928.52,49.17643,-1,0.116095994
816.13,47.14907,1,0.632625808
932.87,46.38915,-1,0.159522319
674.52,12.55663,-1,0.506350734
761.3,46.0369,1,0.443499884
978.81,40.08962,1,0.025491293
969.62,36.15075,-1,0.922551397
514.5,12.17954,1,0.958323976
712.35,39.95047,1,0.246684342
703.73,34.33457,1,0.966308158
542.48,12.38928,-1,0.079367607
759.38,48.64647,-1,0.014333678
649.18,18.99757,1,0.887678052
561.49,13.86692,-1,0.386147331
958.49,40.61877,1,0.248959685
998.17,38.97133,-1,0.864746076
656.35,12.63747,-1,0.059138218
798.8,46.67128,1,0.713404749
912.58,47.15675,1,0.994127447
821.42,51.45268,-1,0.197057303
765.14,45.71566,1,0.223371569
776.68,48.71657,-1,0.652562815
562.91,19.81063,1,0.594470185
541.53,17.03034,1,0.093651164
972.52,35.76304,-1,0.438309841
783.89,46.02687,1,0.035764061
781,45.89509,1,0.102848981
624.83,14.16959,-1,0.944305795
545.81,17.06268,1,0.08406091
806.98,51.94439,-1,0.787370239
571,19.85023,1,0.212967133
706.12,35.71201,1,0.616633337
720.5,40.56217,-1,0.57534697
1009.78,40.22572,-1,0.102028957
996.71,43.84407,1,0.565351204
1042.72,46.05385,1,0.242209977
835.39,50.51742,-1,0.624250223
1046.11,44.53681,-1,0.167155234
849.85,47.34922,1,0.343774404
859.01,45.95682,1,0.654138098
525.4,13.83431,1,0.21422612
819.98,52.51923,-1,0.471694942
989.94,41.54068,1,0.870242087
641.54,19.92496,1,0.674810354
977.36,40.20672,1,0.687573065
511.18,11.33091,1,0.191567741
651.57,12.67832,-1,0.664944765
1038.84,45.09758,-1,0.369577983
596.7,13.91974,-1,0.840823328
741.13,46.24995,1,0.937144971
507.39,7.0878,-1,0.352881088
883.61,46.40575,1,0.472477799
833.46,47.898,1,0.30763712
581.94,13.85183,-1,0.98761801
971.55,38.60911,-1,0.092261551
551.98,12.14074,-1,0.79109292
649.66,12.90572,-1,0.745154047
793.03,51.26902,-1,0.524288657
616.72,14.62166,-1,0.272539841
825.76,50.76283,-1,0.080189682
841.17,50.2808,-1,0.135421041
892.78,51.48036,-1,0.50198332
830.09,51.40496,-1,0.563215888
555.31,18.21244,1,0.906140792
810.35,51.31737,-1,0.871815144
553.88,12.63716,-1,0.053660939
1031.58,48.67961,1,0.832363092
1004.94,43.88022,1,0.266722052
997.68,37.01996,-1,0.637000639
845.99,46.29914,1,0.359492172
731.06,45.97619,-1,0.478310761
1018.02,45.7551,1,0.095608678
686.01,20.28567,1,0.781959303
660.65,12.40433,-1,0.440183234
984.13,41.92771,1,0.341608469
537.74,10.87695,-1,0.043526549
854.67,51.45945,-1,0.052360523
828.65,46.32436,1,0.696825817
1002.52,41.37621,1,0.20400211
1008.33,39.02575,-1,0.375978687
710.92,38.33495,1,0.075022714
867.69,49.92646,-1,0.661111334
974.45,42.25629,1,0.010787886
903.89,50.31357,-1,0.933820361
800.24,51.64325,-1,0.454824825
741.61,46.53723,1,0.266443741
625.31,21.15016,1,0.648287987
586.22,20.57359,1,0.905436277
770.43,48.38289,-1,0.737624359
663.52,18.18415,1,0.648701137
615.77,14.09458,-1,0.934323665
1030.61,53.03719,1,0.509480703
973.97,37.85893,-1,0.998544617
574.8,13.97404,-1,0.814257494
519.71,12.73795,1,0.515465567
607.18,20.40148,1,0.555283637
953.17,41.09704,1,0.060458843
752.17,48.14853,-1,0.213848006
776.2,45.15553,1,0.877191175
797.84,50.81754,-1,0.650855336
508.34,12.46498,1,0.917943034
1034,48.49647,1,0.39730485
824.79,46.02212,1,0.055956564
983.65,38.06828,-1,0.233180475
510.23,7.63178,-1,0.422018413
956.56,37.71507,-1,0.206253724
860.46,46.39536,1,0.146441247
687.44,20.67235,1,0.875897473
733.45,44.7059,-1,0.574172638
821.9,51.89716,-1,0.521506573
773.31,45.96897,1,0.784600723
871.07,51.56532,-1,0.032794306
657.31,12.53703,-1,0.878825502
1029.15,44.5009,-1,0.632094103
568.14,19.22527,1,0.347654484
905.33,47.94502,1,0.840638011
975.91,40.70871,1,0.711562203
529.19,15.76194,1,0.57807942
537.74,15.87694,1,0.795619823
660.17,12.52852,-1,0.933090421
929,45.85176,-1,0.623072236
873.96,46.563,1,0.180484995
1026.73,46.55016,1,0.677277044
903.4,47.11182,1,0.099717591
599.08,13.65694,-1,0.343635663
521.13,14.89475,1,0.155858362
707.56,32.35059,-1,0.66262855
772.83,49.07298,-1,0.878601423
949.31,43.06342,1,0.990182739
917.41,48.25346,-1,0.725897214
696.06,20.93824,-1,0.487742382
634.85,14.35073,-1,0.145435963
686.49,20.26904,1,0.369881771
923.69,45.10548,1,0.883193027
703.25,27.99294,-1,0.703552732
676.91,18.22251,1,0.19663254
543.91,16.19672,1,0.395052518
874.44,46.96723,1,0.041940555
911.13,46.36949,1,0.953521321
653.48,18.53178,1,0.731958153
730.58,45.45211,1,0.430502685
692.23,23.33457,1,0.313833336
721.46,42.73655,1,0.865243274
973.97,40.35703,1,0.492103428
659.7,12.26295,-1,0.250395879
528.25,14.783,1,0.743423014
815.16,47.01255,1,0.924496698
774.75,46.92748,1,0.994627282
919.82,48.76004,-1,0.554675794
522.55,14.21592,1,0.696907707
717.15,38.68089,-1,0.482131182
792.55,50.66742,-1,0.521845968
827.2,46.6372,1,0.623999609
877.82,49.58317,-1,0.419652537
801.21,46.2463,1,0.272830835
860.94,46.36635,1,0.874357201
920.31,46.78257,1,0.713656497
940.12,43.24383,-1,0.479943236
796.88,47.31323,1,0.816781603
588.13,19.66611,1,0.202498751
1016.08,47.07396,1,0.51529242
557.21,12.87878,-1,0.132914778
577.18,13.10657,-1,0.924648084
584.8,20.47723,1,0.317803947
775.24,45.92152,1,0.058736301
879.27,49.35954,-1,0.458744893
520.66,13.24616,1,0.206988796
592.41,19.90341,1,0.982639927
847.92,46.06793,1,0.831392236
708.52,37.46792,1,0.419783848
695.11,19.94465,-1,0.207353156
859.97,50.72703,-1,0.95121708
764.18,48.31982,-1,0.151887841
743.53,46.53743,1,0.691585618
858.04,51.03699,-1,0.345332149
765.62,46.50684,1,0.557534679
566.24,14.31305,-1,0.25640871
679.79,18.6237,1,0.985402915
831.54,50.07084,-1,0.926456438
1033.51,47.06427,-1,0.293506897
745.45,47.31684,-1,0.659574137
968.17,38.14323,-1,0.906592066
674.04,12.49344,-1,0.846698142
737.29,46.54972,-1,0.624879716
965.26,40.33911,1,0.883540809
608.61,14.89224,-1,0.632320131
1023.34,37.39334,-1,0.275701979
966.23,35.9393,-1,0.33163352
621.49,20.75163,1,0.340791427
593.84,13.56783,-1,0.28487875
972.04,41.6338,1,0.165799429
879.75,46.52246,1,0.417390662
1012.69,38.84275,-1,0.365016499
886.02,50.71423,-1,0.448483896
993.33,36.46609,-1,0.140055857
742.09,46.57119,-1,0.904403531
899.54,48.90111,-1,0.247801359
528.72,9.91808,-1,0.465719711
909.2,46.5551,1,0.502844578
740.65,46.69121,-1,0.523075868
946.4,42.48942,1,0.054195361
500.28,12.76783,1,0.043534553
1017.53,46.31371,1,0.759081455
767.55,45.04932,1,0.367758057
870.1,50.19465,-1,0.680471544
608.14,14.04911,-1,0.579465997
835.87,50.74375,-1,0.466250619
812.28,50.88354,-1,0.928516366
608.14,20.30358,1,0.76646983
601.47,20.97859,1,0.357236337
915.48,46.73557,1,0.151006287
602.9,20.43389,1,0.123815035
1032.06,48.4778,1,0.256680794
950.27,42.26102,-1,0.969919115
799.28,51.44321,-1,0.378396908
715.23,37.55161,-1,0.207056596
772.35,46.25726,1,0.639076574
939.15,44.93656,-1,0.198855029
957.04,39.3741,-1,0.220988943
913.54,48.93956,-1,0.444860233
802.17,51.09436,-1,0.526071916
936.25,42.85601,1,0.558892565
532.04,15.53307,1,0.802383443
678.35,12.70374,-1,0.309995759
1035.45,43.41701,-1,0.876888771
751.69,48.37767,-1,0.306828872
841.66,47.20388,1,0.608366848
576.7,13.11132,-1,0.67070173
980.74,39.75582,1,0.032416558
652.53,13.18036,-1,0.058092147
984.13,35.08426,-1,0.224297298
609.57,20.92146,1,0.318011467
696.54,21.92044,-1,0.427336159
655.39,12.99587,-1,0.308314555
734.89,45.92975,1,0.665114101
536.31,11.32341,-1,0.190249149
884.58,49.97358,-1,0.442754285
560.06,13.18544,-1,0.436513627
694.63,26.2192,1,0.722837499
784.85,51.20531,-1,0.308174159
614.81,14.1765,-1,0.646724122
940.6,43.28564,-1,0.194514163
915.96,46.46012,1,0.818356556
705.17,35.40476,1,0.909576154
579.56,19.46387,1,0.907342083
582.42,19.35242,1,0.052640678
565.29,13.62168,-1,0.98276811
563.39,13.80463,-1,0.601492946
971.07,35.00558,-1,0.578273124
749.77,48.04791,-1,0.394174851
746.41,46.15904,1,0.624753915
969.13,34.85647,-1,0.376446493
1021.41,39.15601,-1,0.730985902
559.58,20.11068,1,0.078703586
887.95,52.9616,-1,0.090888173
915.48,47.68858,-1,0.309205906
578.61,14.42564,-1,0.392644178
926.11,45.83607,1,0.45789241
941.57,42.22688,-1,0.081342593
795.43,45.61597,1,0.718531492
879.75,50.26653,-1,0.413038116
998.65,41.36799,1,0.144989941
684.09,13.30164,-1,0.879835573
768.99,45.56487,1,0.365266452
964.78,41.39929,1,0.70174014
833.95,45.94787,1,0.123573853
567.67,20.4977,1,0.122034719
518.76,8.53006,-1,0.518205288
911.13,50.01587,-1,0.201471338
849.37,51.38788,-1,0.531696774
676.44,12.37017,-1,0.826056832
1034.97,51.18357,1,0.765352202
756.02,47.39561,-1,0.308056102
637.24,20.83863,1,0.219675956
547.23,12.46523,-1,0.535479368
948.82,42.08981,-1,0.156235005
577.66,13.6768,-1,0.814501816
1027.7,40.53226,-1,0.590839768
831.06,46.29776,1,0.673965613
538.21,11.75239,-1,0.76621619
959.46,38.62968,-1,0.94970314
1010.27,43.2892,-1,0.970118593
937.7,45.55541,-1,0.624457363
526.35,15.0349,1,0.974802325
752.17,46.34314,1,0.85565532
569.57,14.15087,-1,0.510689806
829.13,49.26344,-1,0.416683579
773.31,50.62251,-1,0.955704683
737.77,46.69834,1,0.304102641
683.61,19.31838,1,0.050370841
695.58,20.43052,-1,0.552497867
1017.05,48.19909,1,0.341663262
918.86,45.60695,1,0.642297929
1049.02,52.08799,1,0.133829785
714.75,40.77453,1,0.387042154
976.39,40.80857,1,0.940123244
747.37,46.80997,1,0.175513583
566.24,19.52719,1,0.034142106
886.51,50.58549,-1,0.49689898
943.02,42.19832,1,0.059994661
953.17,39.73297,-1,0.608458911
1018.98,48.57088,1,0.465951761
862.38,49.69659,-1,0.333397734
586.7,19.56724,1,0.697043075
602.9,14.11405,-1,0.666476057
822.39,51.37219,-1,0.71750631
884.58,47.51452,1,0.746910644
896.16,51.49606,-1,0.745578264
645.36,19.4562,1,0.611590681
1021.41,45.3821,1,0.243100947
520.66,8.98773,-1,0.369262753
868.65,49.99162,-1,0.44776952
997.68,43.36294,1,0.621820298
862.87,46.38976,1,0.520484564
611.48,14.37409,-1,0.410897132
976.87,40.66622,1,0.780059655
1043.69,47.98746,1,0.267414531
669.74,17.83779,1,0.623338028
778.6,49.37489,-1,0.421916944
781.49,49.49487,-1,0.444013665
788.7,46.17579,1,0.960722843
728.18,44.10925,-1,0.087948066
1028.67,41.44824,-1,0.211153207
918.38,46.26394,1,0.978330843
1023.34,48.59743,1,0.0575814
895.2,48.62561,1,0.703070059
698.46,23.71203,-1,0.917541812
1040.3,42.55612,-1,0.474715896
738.25,47.02301,-1,0.185079061
693.19,24.61899,1,0.514817319
582.89,14.07698,-1,0.282825997
644.88,19.74407,1,0.33672402
688.88,21.57664,1,0.661417602
923.21,47.06188,-1,0.059305173
903.4,49.887,-1,0.242135011
872.51,45.96437,1,0.214047718
840.69,49.73216,-1,0.255154418
690.32,22.69369,1,0.629294418
698.46,28.9449,1,0.418620961
878.3,47.37276,1,0.371380222
732.97,46.03222,1,0.777279365
629.6,20.87887,1,0.083609172
926.59,46.03137,1,0.318746982
800.24,46.12556,1,0.603168364
594.32,20.16869,1,0.813764695
1038.36,45.32055,1,0.445121673
515.44,12.47428,1,0.190931076
542.96,12.41455,-1,0.972755324
741.13,47.28568,-1,0.2680371
723.38,41.63192,-1,0.836388155
777.64,46.13114,1,0.204768823
512.13,7.85753,-1,0.940653668
857.56,50.89949,-1,0.406107644
792.06,50.74346,-1,0.023829628
728.18,46.48297,1,0.884969768
640.58,14.05996,-1,0.593913442
568.62,13.79974,-1,0.626136298
702.29,32.94259,1,0.388054971
1006.88,43.60249,1,0.930140626
605.28,14.46451,-1,0.514093044
760.82,46.45527,1,0.94258784
610.04,21.19182,1,0.508720593
902.44,47.24302,1,0.054628541
1001.56,40.18583,-1,0.817662768
1014.14,42.79966,-1,0.746057587
718.11,41.72952,1,0.666247694
661.61,17.97046,1,0.187058703
870.58,46.7408,1,0.71176792
918.86,48.12915,-1,0.279883244
600.51,13.98306,-1,0.557354102
653.96,12.54307,-1,0.401298863
853.71,47.26512,1,0.491249807
877.82,46.17574,1,0.34398148
886.99,48.10456,1,0.266667918
680.74,19.44994,1,0.10031313
954.62,38.41483,-1,0.440150284
1047.08,42.81585,-1,0.885409218
864.31,50.87049,-1,0.767011753
598.13,20.98167,1,0.820179603
598.61,20.41216,1,0.977566816
870.1,47.18273,1,0.341493806
1016.08,37.43212,-1,0.423146206
652.05,12.66601,-1,0.897916125
763.7,49.05141,-1,0.403959224
815.16,52.29586,-1,0.928439553
667.83,12.501,-1,0.994954711
543.91,11.75818,-1,0.016835005
603.85,20.54821,1,0.54774227
710.44,37.91439,1,0.971711303
845.03,52.06171,-1,0.22090363
504.55,11.82546,1,0.201581533
954.62,39.9862,1,0.445793167
580.99,13.87981,-1,0.417774828
601.47,14.37024,-1,0.058820145
1015.6,37.434,-1,0.958550485
961.88,36.24281,-1,0.679342104
574.33,14.15953,-1,0.257490061
923.21,47.22805,1,0.987423168
882.16,50.11636,-1,0.344086875
789.66,49.55154,-1,0.592514692
621.97,14.68494,-1,0.719957585
740.17,46.0111,-1,0.199261129
711.87,38.55774,1,0.366525642
628.17,20.96569,1,0.525016217
604.32,21.01291,1,0.229893269
516.39,12.75105,1,0.390776807
584.32,14.23567,-1,0.955157907
952.21,41.19896,1,0.925575547
810.35,47.46114,1,0.525316047
819.5,48.35422,1,0.609944021
970.58,36.42502,-1,0.939794263
925.62,47.30622,1,0.391484347
939.15,45.38743,1,0.825950858
530.62,15.43615,1,0.094338656
677.39,12.29867,-1,0.048831263
714.75,37.48456,-1,0.90581073
849.85,50.57955,-1,0.451732766
544.86,12.29487,-1,0.879876743
793.03,46.36471,1,0.205457361
548.18,17.84455,1,0.678763368
822.87,51.05969,-1,0.980255395
860.46,50.32908,-1,0.100778806
519.24,13.08499,1,0.468628866
727.7,44.69789,1,0.885937356
843.1,46.87661,1,0.040223064
1025.28,40.12644,-1,0.165811422
787.26,45.87736,1,0.90639557
876.37,50.72789,-1,0.986902793
803.61,51.30495,-1,0.316654478
1031.58,49.30388,-1,0.455884907
830.09,46.52861,1,0.805630123
867.21,50.45731,-1,0.357146977
936.74,44.65834,1,0.276192483
563.39,19.94883,1,0.951724465
547.23,17.98727,1,0.561788654
666.39,12.43162,-1,0.624759175
727.22,43.98229,-1,0.559803885
625.78,20.63798,1,0.468094775
529.67,15.0209,1,0.455686755
801.69,46.77896,1,0.601052926
956.08,39.88602,1,0.869267917
1020.44,45.26895,1,0.253247487
530.62,9.94492,-1,0.00921594
513.55,8.06209,-1,0.540088942
999.13,43.0068,1,0.306820652
546.76,17.52223,1,0.451954249
698.94,30.66619,1,0.532714758
742.57,47.60793,-1,0.740142119
631.03,21.3389,1,0.899299756
736.81,46.70871,1,0.602215839
799.76,50.61892,-1,0.251382481
745.93,47.5482,-1,0.587942323
647.27,13.27688,-1,0.950419246
784.37,46.29875,1,0.146191763
791.58,46.06041,1,0.438272137
692.23,17.15634,-1,0.680282645
896.64,47.10555,1,0.083353006
927.56,44.9646,1,0.801988134
561.96,20.31181,1,0.439473643
706.6,36.57945,1,0.294885836
697.02,28.07959,1,0.986117696
686.49,14.06087,-1,0.478433062
925.62,47.82209,-1,0.178057978
958.01,39.4532,1,0.190299361
813.72,52.87246,-1,0.271415314
556.73,19.44407,1,0.867744288
934.8,43.31957,1,0.97765311
651.09,12.60156,-1,0.595499586
928.52,44.26312,1,0.378391797
938.67,43.1207,-1,0.062253233
990.42,41.79666,1,0.523432392
1026.25,43.60441,-1,0.681631904
1026.73,37.7633,-1,0.511630209
658.74,18.35923,1,0.098404527
975.42,38.39739,1,0.420420162
1046.59,44.63485,-1,0.23525019
532.04,10.37296,-1,0.900476411
752.65,46.98455,1,0.230965778
759.86,46.29456,1,0.086303191
682.18,13.27342,-1,0.431065013
892.78,48.21061,1,0.160658877
842.14,50.11771,-1,0.778466862
1004.46,44.81419,1,0.551025393
835.39,46.22409,1,0.284498387
838.28,51.43412,-1,0.612961523
987.04,40.37265,1,0.58507044
551.51,18.86101,1,0.857407122
514.02,7.17664,-1,0.71685184
637.24,14.41917,-1,0.681438954
590.51,14.00209,-1,0.235673159
951.24,42.50576,1,0.222254989
583.84,19.59293,1,0.085430387
628.17,14.50313,-1,0.240645591
762.74,46.53393,1,0.135332854
874.44,49.27253,-1,0.135674449
899.06,49.26587,-1,0.376049415
580.99,19.51688,1,0.052100588
719.54,41.71081,1,0.871369231
518.29,8.11229,-1,0.574669287
579.56,14.26414,-1,0.507530833
939.64,44.55611,-1,0.584440463
773.79,46.11991,1,0.374174485
961.88,39.67398,1,0.503110685
644.4,13.34392,-1,0.896586646
827.68,46.29013,1,0.537720052
745.93,45.94053,1,0.818674522
502.18,10.37912,1,0.729488722
687.92,14.2969,-1,0.484030676
688.88,15.39122,-1,0.603864757
511.18,7.60229,-1,0.918213072
848.4,47.258,1,0.805836671
771.87,48.58448,-1,0.484170455
704.69,29.66757,-1,0.745775116
889.89,47.75894,1,0.63328258
781.49,46.12664,1,0.123191391
587.65,19.79762,1,0.711648673
665.43,18.32015,1,0.037611141
689.36,15.25971,-1,0.807096749
829.61,50.42843,-1,0.681342302
821.42,46.56757,1,0.787008978
790.14,46.50453,1,0.588146421
820.46,46.03778,1,0.064868474
642.97,13.98027,-1,0.420289215
658.26,18.66932,1,0.509957036
982.2,36.86846,-1,0.515956705
726.74,43.77225,-1,0.663825512
1007.36,40.6664,-1,0.487177142
678.83,18.53689,1,0.418357016
1033.51,50.84012,1,0.173193605
553.41,18.41095,1,0.613242097
650.62,13.09313,-1,0.099642634
743.53,47.69069,-1,0.094367435
756.02,45.68454,1,0.228032546
980.74,36.49838,-1,0.961834435
763.22,48.6379,-1,0.750020043
811.31,50.84216,-1,0.534514649
709,37.61044,1,0.139642476
986.07,37.31565,-1,0.342031235
888.44,46.78625,1,0.660009182
583.84,14.12737,-1,0.289605943
819.02,51.98484,-1,0.918651153
797.84,45.72608,1,0.68487152
682.66,19.22075,1,0.336112102
770.91,48.36555,-1,0.604497912
612.43,21.33664,1,0.945004648
618.63,14.11023,-1,0.655693095
573.85,19.62049,1,0.034684088
791.58,51.72904,-1,0.972506547
939.64,44.12669,1,0.645061044
1019.95,42.77067,-1,0.518284624
615.29,14.88556,-1,0.823459372
570.04,20.68136,1,0.648791604
502.18,6.53506,-1,0.890513516
508.34,8.14499,-1,0.304845125
908.72,46.77479,1,0.839924105
859.97,46.33301,1,0.701987718
929.49,47.84577,-1,0.719180713
837.8,50.03263,-1,0.37741082
753.62,46.70922,1,0.567026065
642.02,20.0684,1,0.586783788
919.82,46.65645,1,0.530904684
623.4,21.15301,1,0.568000177
772.35,49.62053,-1,0.991211392
873,46.44576,1,0.212607617
953.66,40.88511,1,0.615888857
505.49,12.01632,1,0.094010816
654.44,18.5604,1,0.713844713
581.46,19.84957,1,0.646569076
972.52,40.61404,1,0.137776764
819.02,47.31629,1,0.101423431
822.39,47.0429,1,0.1207895
891.33,49.51638,-1,0.185927456
673.57,18.28787,1,0.174558303
533.46,15.79603,1,0.182263073
1003.49,40.06713,-1,0.687678434
1027.22,43.27354,1,0.743023983
931.42,45.23145,1,0.264586108
890.37,51.49411,-1,0.940970294
642.49,13.87669,-1,0.236925413
567.19,20.31311,1,0.834768871
806.02,50.52734,-1,0.607690518
715.71,39.57897,1,0.628103175
770.43,47.24103,1,0.385334059
634.38,14.08417,-1,0.407341586
792.06,45.83324,1,0.07444863
807.46,45.96418,1,0.670005132
844.07,47.0033,1,0.062957348
828.17,47.77343,1,0.087298634
666.87,12.30921,-1,0.450346447
766.59,46.36293,1,0.776625361
643.93,13.29496,-1,0.654110706
729.14,45.63618,1,0.611788833
598.13,14.75154,-1,0.595593967
754.1,46.09525,1,0.983933007
794.95,49.66065,-1,0.522446477
987.52,38.62277,-1,0.194985234
978.33,36.6332,-1,0.027159194
954.14,41.12696,1,0.968397508
806.02,45.90322,1,0.293210784
902.92,47.8491,1,0.765140058
501.23,10.47315,1,0.289522471
713.31,39.8361,1,0.587963433
651.57,18.7753,1,0.326850376
602.42,20.27302,1,0.668966414
559.58,13.07396,-1,0.130242549
671.65,12.15474,-1,0.529963714
677.87,19.06744,1,0.476454288
699.42,30.30931,1,0.108637971
1048.05,48.49726,1,0.62027737
600.99,20.41885,1,0.458149222
907.27,49.12225,-1,0.513409482
866.73,46.71524,1,0.824337359
709,33.78597,-1,0.114331386
555.31,12.44637,-1,0.5009179
713.79,39.95499,1,0.283975516
906.3,46.14304,1,0.577296482
639.63,20.1749,1,0.989998903
958.01,37.98319,-1,0.524233613
552.46,18.73505,1,0.123910375
639.15,20.53655,1,0.864283638
866.73,50.51963,-1,0.964179175
546.76,12.09894,-1,0.141073292
989.45,36.58434,-1,0.478586716
751.21,48.03656,-1,0.661023442
944.95,41.08673,-1,0.875913112
788.22,49.26523,-1,0.815808985
563.86,13.91453,-1,0.547027795
641.06,20.57842,1,0.206268102
701.81,27.47167,-1,0.674692666
756.5,46.49206,1,0.326368611
916.44,46.73617,1,0.346347115
538.68,11.19608,-1,0.238223669
1007.36,44.94115,1,0.434224602
760.82,48.81815,-1,0.248486666
654.44,12.3439,-1,0.751399174
1037.39,46.54378,-1,0.617228596
655.87,18.5048,1,0.532489574
709.48,34.30227,-1,0.793542549
521.61,9.24578,-1,0.112055762
992.36,42.27471,1,0.348672617
1030.61,44.63203,-1,0.030541489
746.89,46.32017,1,0.307079971
990.91,38.234,-1,0.594007324
894.23,49.64656,-1,0.724059883
921.27,46.94079,-1,0.759803901
1009.78,42.83871,1,0.265315164
534.89,10.74017,-1,0.017667486
757.94,46.42521,-1,0.539352793
697.5,28.34955,1,0.872818635
798.32,46.72248,1,0.659231609
990.91,45.0623,1,0.655274693
927.07,45.26385,1,0.128095804
534.41,16.1898,1,0.855343498
577.18,19.90518,1,0.008663264
564.34,14.27125,-1,0.267645368
571.47,19.50441,1,0.390496996
936.25,44.96645,-1,0.97030228
941.09,43.13449,1,0.075836019
631.51,14.65557,-1,0.350364228
787.74,50.54915,-1,0.235892785
876.86,47.05606,1,0.598876868
623.4,14.00222,-1,0.313608566
601.94,13.98444,-1,0.383721097
512.6,12.45797,1,0.674935578
940.6,43.66343,1,0.836982018
546.28,12.14617,-1,0.845531311
680.26,19.10115,1,0.225837632
956.56,40.50706,1,0.755995229
796.39,46.72442,1,0.437519484
964.3,39.21958,-1,0.598689722
998.65,37.96935,-1,0.901907486
517.34,13.16823,1,0.420709524
630.56,14.64483,-1,0.919414656
901.47,49.67432,1,0.326230974
549.13,18.02145,1,0.424312642
656.35,18.2719,1,0.561193161
716.67,38.54355,-1,0.980248137
933.84,46.32085,-1,0.06315838
864.8,45.56637,1,0.65411809
1008.33,43.77192,1,0.682454131
924.17,47.51241,1,0.305755978
593.37,20.11956,1,0.880162837
893.75,48.72024,1,0.061512754
621.97,20.18895,1,0.644538902
528.25,9.56423,-1,0.905656287
882.65,45.75038,1,0.692861185
880.23,48.06043,1,0.026543294
903.89,46.53761,1,0.174066677
580.04,20.07241,1,0.666082474
750.25,45.87058,1,0.71839285
542.48,16.19771,1,0.542128224
929.97,44.23129,1,0.206596346
718.59,42.35767,1,0.484313848
970.1,38.25781,1,0.746798675
679.31,12.86392,-1,0.190034525
777.64,49.36903,-1,0.544254288
917.41,46.91689,1,0.172627491
851.78,49.63551,-1,0.860242084
815.65,47.52497,1,0.620019224
673.09,12.57758,-1,0.542901855
575.75,13.88059,-1,0.645813322
632.47,21.11893,1,0.922423079
645.84,13.62393,-1,0.849515394
980.26,39.78347,1,0.47606355
975.42,35.07527,-1,0.478582335
725.3,44.12058,1,0.036724342
1032.55,51.24864,1,0.04027674
983.16,40.88527,1,0.345623036
836.36,50.54677,-1,0.209919459
606.71,21.13045,1,0.535151779
513.07,12.57558,1,0.200330028
857.08,46.25488,1,0.930505118
994.29,36.44543,-1,0.260459054
970.58,40.80018,1,0.98726512
804.09,46.82855,1,0.442195504
806.98,45.15363,1,0.436155335
955.59,38.84223,1,0.615561394
779.08,45.48739,1,0.663220992
618.63,20.86117,1,0.307488562
770.91,45.57539,1,0.729198503
738.73,47.0385,-1,0.566503389
929.49,44.32624,1,0.723306965
992.84,41.36853,1,0.795653269
938.67,43.36229,1,0.724682555
612.91,20.84165,1,0.130467795
840.21,47.23806,1,0.274442774
794.47,45.67979,1,0.950487225
541.53,11.68885,-1,0.414778844
727.22,44.57745,1,0.209207469
801.21,50.08482,-1,0.403862227
664,11.79806,-1,0.062947479
683.14,13.24627,-1,0.709181507
515.92,8.6771,-1,0.918997313
832.5,52.07174,-1,0.022266841
505.02,11.51553,1,0.419260514
511.65,7.67032,-1,0.37450844
599.56,14.15957,-1,0.093409819
987.04,39.53796,-1,0.225188575
765.14,48.39271,-1,0.786290629
551.03,18.65483,1,0.15111951
658.74,12.84381,-1,0.452554205
572.9,19.72906,1,0.619256954
946.89,41.18369,-1,0.215638807
889.89,49.63934,-1,0.515104198
787.26,50.64821,-1,0.360258536
638.2,20.66786,1,0.641683976
894.23,48.22688,1,0.508794998
943.02,44.28436,-1,0.190683276
711.87,34.63335,-1,0.809843906
587.18,13.77396,-1,0.171425879
848.89,46.34798,1,0.821893974
891.82,48.25041,1,0.069370893
606.23,14.28251,-1,0.606948049
575.28,20.23732,1,0.950022184
951.72,40.70485,-1,0.067300933
1011.24,36.44809,-1,0.044558044
748.33,47.45983,1,0.960128257
549.13,12.47209,-1,0.270919407
795.91,46.02376,1,0.136301661
717.63,41.16589,1,0.059815185
1001.07,42.80607,1,0.767498713
815.65,51.33364,-1,0.286180061
536.31,16.30995,1,0.391536403
651.09,18.40142,1,0.804691779
509.28,11.84777,1,0.313077103
804.09,51.19188,-1,0.154231899
979.29,37.1677,-1,0.311138066
731.06,45.74845,1,0.821099595
711.4,38.64071,1,0.809302822
755.54,47.58339,-1,0.246620402
668.78,18.00603,1,0.102166563
632.94,14.47667,-1,0.629125482
611,14.77079,-1,0.647691272
1046.59,48.39249,1,0.192550795
798.32,50.48519,-1,0.692019098
682.66,13.51097,-1,0.608787592
557.21,18.68027,1,0.118804865
578.61,19.93746,1,0.07426946
662.56,17.93902,1,0.265009182
1015.11,42.62497,1,0.562988126
535.36,16.99649,1,0.038592116
848.4,51.20904,-1,0.977343913
1032.06,45.6005,-1,0.792910198
884.09,47.20248,1,0.049547631
843.58,52.26576,-1,0.246947448
1039.81,52.99416,-1,0.919922882
732.5,45.75773,1,0.501028227
1006.88,41.93449,-1,0.549552206
603.85,14.35043,-1,0.948966421
706.6,31.75304,-1,0.477105024
686.01,13.75034,-1,0.135052989
1037.87,49.86088,1,0.696576907
1006.4,36.59203,-1,0.32276782
877.34,46.63786,1,0.692584793
888.92,51.59771,-1,0.972417292
631.03,14.86862,-1,0.773455201
590.03,19.59774,1,0.251836992
561.01,13.25579,-1,0.10404834
647.75,13.22973,-1,0.980482217
1020.44,42.50495,-1,0.119834145
525.4,8.80385,-1,0.053916824
504.55,6.97659,-1,0.353520735
671.65,18.13025,1,0.093653575
750.25,48.61585,-1,0.720014439
969.13,38.98543,1,0.425438454
663.04,12.13117,-1,0.085780195
773.79,49.73786,-1,0.370787908
829.61,45.57668,1,0.640754116
1049.5,52.51437,1,0.005156309
648.7,18.73765,1,0.721574308
678.83,12.6145,-1,0.909420543
732.97,45.18552,-1,0.903251185
848.89,49.2021,-1,0.323223882
888.44,50.96717,-1,0.41349826
625.31,14.79718,-1,0.356958984
610.52,20.72541,1,0.153459759
973,36.69804,-1,0.828310751
1012.69,43.72822,1,0.978009633
953.66,37.82495,-1,0.669318764
769.95,48.55529,-1,0.39980878
693.67,18.6468,-1,0.607439363
921.76,46.13114,1,0.077138176
587.18,20.68238,1,0.934838441
736.81,47.12047,-1,0.658427429
504.07,6.6126,-1,0.779314142
573.37,19.90578,1,0.4679535
604.8,14.45593,-1,0.360551541
1025.76,39.56684,-1,0.041623764
786.77,46.00819,1,0.2660833
967.2,37.35792,-1,0.932942629
854.19,51.36143,-1,0.692242241
995.75,39.00898,-1,0.67347698
1048.05,43.02698,-1,0.059614985
916.93,48.83655,-1,0.242127648
670.22,12.44347,-1,0.783544876
807.46,51.23469,-1,0.212585194
878.79,45.94245,1,0.34361021
685.53,19.4957,1,0.925952204
920.79,46.52019,1,0.503140599
541.06,11.76823,-1,0.937364966
739.21,46.35534,-1,0.567682011
912.1,46.17532,1,0.178744948
1024.31,39.58571,-1,0.855537787
947.37,41.18512,-1,0.535290985
776.2,48.80418,-1,0.149677231
702.29,27.65264,-1,0.38685698
634.38,20.20891,1,0.331965173
637.72,14.64525,-1,0.472315633
759.38,45.89526,1,0.462030362
875.41,47.39369,1,0.013315155
718.59,39.95606,-1,0.18070081
554.83,19.10406,1,0.508265354
698.94,24.85912,-1,0.441542624
594.8,13.86766,-1,0.146929479
855.15,46.07158,1,0.163345799
845.51,46.72832,1,0.443959266
1049.99,44.24155,-1,0.064381661
646.32,19.74946,1,0.157605501
597.65,20.31767,1,0.070885481
634.85,20.32773,1,0.574309273
513.07,7.8863,-1,0.044361104
665.91,12.4992,-1,0.232247572
526.82,14.20712,1,0.367878439
851.3,47.05244,1,0.29939213
666.39,17.87821,1,0.808419055
675.48,18.26635,1,0.81104368
608.61,21.34636,1,0.030574649
720.98,43.19422,1,0.346185184
967.2,39.65441,1,0.009539282
519.24,8.55565,-1,0.220120768
880.23,49.66877,-1,0.96879465
1033.03,49.33071,1,0.615830507
632.47,14.31168,-1,0.113277052
867.21,45.77817,1,0.486139107
909.2,48.70839,-1,0.076659184
1038.84,53.69035,1,0.846535029
728.66,43.70581,-1,0.275173077
865.28,51.82586,-1,0.810407208
565.76,19.80724,1,0.856016034
526.35,8.92083,-1,0.888901244
916.93,46.3119,1,0.007496686
551.98,18.24622,1,0.418217794
757.94,45.89997,1,0.280427104
904.37,49.5342,-1,0.891955745
796.39,50.63035,-1,0.848870211
831.54,47.75246,1,0.111385555
867.69,46.9523,1,0.305467285
845.51,49.62528,-1,0.206993903
962.85,37.51991,-1,0.118214201
641.06,13.77971,-1,0.355695554
1040.3,51.99161,1,0.580957634
694.15,19.07657,-1,0.131640048
1049.5,40.53522,-1,0.10511472
969.62,38.03032,1,0.854422216
601.94,20.92124,1,0.201066318
911.61,46.52862,1,0.825343853
630.56,20.75396,1,0.328986575
907.75,49.76001,-1,0.788331834
597.18,20.39569,1,0.073959803
873.48,46.40205,1,0.051861886
629.13,20.94255,1,0.69666694
983.16,36.8651,-1,0.74766286
523.98,14.17894,1,0.973282705
976.39,38.02432,-1,0.22123733
1028.19,46.1054,1,0.92171469
974.94,36.95183,-1,0.530172691
689.84,21.97812,1,0.540898904
749.29,47.93498,-1,0.078150114
875.89,46.82171,1,0.240569167
1036.9,49.58843,1,0.581615298
1013.66,39.8446,-1,0.878367758
852.74,46.11636,1,0.587770384
726.26,45.26114,1,0.135414356
1005.43,37.61871,-1,0.651147182
866.24,50.23871,-1,0.010797255
612.43,14.55306,-1,0.967190346
924.17,47.88332,-1,0.235367722
591.46,13.78672,-1,0.815879157
946.89,41.09677,1,0.480547222
822.87,47.4923,1,0.051791741
510.23,11.27895,1,0.984287241
871.55,47.16955,1,0.628589786
716.19,40.41603,1,0.443347695
823.83,51.9213,-1,0.602968043
775.24,49.37845,-1,0.60654478
1037.87,46.68679,-1,0.19984949
988,41.48564,1,0.314150627
837.32,46.0234,1,0.657110252
701.33,33.07149,1,0.231154601
635.81,20.74649,1,0.7385735
645.36,13.63952,-1,0.812155794
748.81,47.05063,1,0.85500557
667.83,17.75671,1,0.314345052
906.3,50.08323,-1,0.706168993
793.51,50.13603,-1,0.848269155
630.08,20.87298,1,0.001595529
603.37,14.60708,-1,0.237980792
985.1,36.73186,-1,0.21783456
907.75,47.72573,1,0.523216227
557.68,18.64921,1,0.157837441
735.37,46.59584,1,0.361400218
1027.22,40.45662,-1,0.431631069
740.17,47.13298,1,0.144167747
615.77,20.33269,1,0.919219834
902.92,51.75284,-1,0.690173334
893.26,47.06654,1,0.02259289
983.65,42.26422,1,0.746004443
932.87,43.49246,1,0.580855515
507.39,12.75106,1,0.753760338
968.65,40.13404,1,0.917721087
643.93,19.65802,1,0.251667432
777.16,45.39655,1,0.569369474
895.2,50.26003,-1,0.243768018
628.65,14.1887,-1,0.36499616
630.08,14.4254,-1,0.613625324
762.26,48.84185,-1,0.683039764
905.82,48.27734,1,0.895001035
653,12.84633,-1,0.256839124
976.87,34.7326,-1,0.699025835
668.3,12.45353,-1,0.165432531
1014.63,47.04103,1,0.543458682
932.39,45.74526,-1,0.09893456
507.86,11.81004,1,0.283937992
577.66,19.54603,1,0.697152934
1010.75,41.04832,-1,0.29483783
609.57,14.06157,-1,0.477122355
616.24,13.99988,-1,0.456721611
681.7,18.92156,1,0.147881491
592.41,13.70597,-1,0.764479475
757.46,46.30675,1,0.719855036
1000.59,37.38173,-1,0.626561208
941.09,43.21675,-1,0.096287601
735.37,45.69082,-1,0.848270868
551.51,13.35185,-1,0.129470132
745.45,46.39677,1,0.975824909
707.08,36.00176,1,0.974494706
1020.92,46.21428,1,0.487215292
725.3,43.44563,-1,0.020932747
919.34,45.63194,1,0.655133636
880.72,50.26426,-1,0.138347094
690.32,15.68897,-1,0.996947319
762.26,46.48073,1,0.579787749
581.94,20.25653,1,0.021604701
561.01,20.53391,1,0.643493983
1000.1,42.74845,1,0.951584488
1036.42,47.60955,1,0.349433053
771.39,48.39694,-1,0.112809876
756.98,48.5869,-1,0.42012618
836.84,51.92808,-1,0.210658187
554.83,12.34563,-1,0.776065946
594.8,20.24021,1,0.358598923
895.68,49.42347,1,0.207921067
833.46,50.53633,-1,0.177017509
657.78,12.74806,-1,0.070138117
694.63,19.48697,-1,0.587454522
897.13,47.41384,1,0.912879066
1040.78,48.76079,1,0.043563018
684.57,13.41292,-1,0.410636528
613.38,20.37709,1,0.521700667
718.11,38.75903,-1,0.546774114
968.65,38.40716,-1,0.31945929
742.09,46.75001,1,0.323996885
687.44,14.66811,-1,0.756555892
526.82,9.63184,-1,0.243337215
754.58,48.08352,-1,0.304593147
566.72,13.46148,-1,0.983064956
685.05,13.62194,-1,0.877142754
964.78,36.91116,-1,0.649467803
507.86,6.04991,-1,0.347430074
821.9,45.34156,1,0.968505019
700.85,31.58806,1,0.516708413
803.13,46.57462,1,0.899993577
784.85,46.69558,1,0.138353508
619.58,21.337,1,0.65705191
1028.19,46.49327,-1,0.088856659
580.04,14.20472,-1,0.467640208
836.36,46.10502,1,0.104352176
1014.14,45.07975,1,0.343436841
729.14,43.89799,-1,0.528980837
738.25,46.86342,1,0.777412565
1044.17,46.25411,-1,0.500623882
1019.47,42.85873,1,0.465319242
839.25,46.81985,1,0.196529129
569.09,20.38546,1,0.726295836
755.06,45.5985,1,0.71730301
640.11,20.14191,1,0.137504232
571.95,20.64392,1,0.547065985
901.95,47.99883,1,0.508003996
891.33,48.22619,1,0.972096074
675.96,18.42132,1,0.096268744
633.9,20.96843,1,0.599721917
865.28,45.88564,1,0.815862778
1002.04,40.34145,-1,0.519594603
782.45,45.99956,1,0.557150209
1027.7,49.67016,1,0.992459138
788.7,49.33058,-1,0.94359345
930.94,45.28338,1,0.633351998
847.44,50.23479,-1,0.853043788
979.78,36.05736,-1,0.681236407
991.87,41.1458,1,0.535042639
855.63,45.30015,1,0.589853526
795.91,50.21151,-1,0.628795333
584.32,19.98777,1,0.266846549
930.45,43.76697,1,0.36627133
812.76,51.6657,-1,0.892816656
573.85,13.91086,-1,0.694607218
579.08,20.67021,1,0.059235374
894.71,47.19821,1,0.665833018
882.65,51.15686,-1,0.945352874
995.26,42.99954,1,0.72980644
631.51,20.8764,1,0.174360673
892.3,47.83017,1,0.97862274
582.42,13.77104,-1,0.61404999
858.04,47.56284,1,0.937695497
623.88,20.53012,1,0.135502865
520.18,13.08892,1,0.760098315
720.5,42.4582,1,0.663386505
914.99,50.1574,-1,0.398178499
643.45,19.95115,1,0.553614671
1036.9,42.57639,-1,0.582381128
846.47,46.22265,1,0.192610544
974.94,40.59343,1,0.162810022
682.18,19.0527,1,0.288711026
803.13,50.96066,-1,0.329519258
1001.56,43.68837,1,0.835778186
764.66,48.51678,-1,0.309762764
931.9,44.84779,-1,0.470125604
623.88,14.20142,-1,0.230657687
863.35,50.45112,-1,0.84155625
827.68,51.17815,-1,0.850932814
812.76,45.98549,1,0.616456848
768.51,48.82918,-1,0.821443046
844.55,51.32591,-1,0.727308747
693.19,18.52088,-1,0.543990982
586.22,14.2782,-1,0.061349585
963.81,40.14621,1,0.472637843
799.76,45.67089,1,0.406501194
859.49,46.6053,1,0.824446654
1030.12,45.91809,1,0.893169314
1025.28,44.86356,1,0.027114425
795.43,50.14462,-1,0.876262775
540.58,11.38706,-1,0.225983965
927.07,48.24045,-1,0.839806426
725.78,43.88618,1,0.038761133
663.04,17.95646,1,0.048527555
952.21,40.87087,-1,0.296473635
705.64,30.7757,-1,0.112010014
703.73,29.83515,-1,0.893667925
879.27,45.96797,1,0.359499836
900.99,52.14334,-1,0.388796379
744.49,46.86781,1,0.512085686
968.17,40.1932,1,0.7033044
780.04,46.34146,1,0.617790604
525.87,14.58608,1,0.502959127
768.99,48.01465,-1,0.35328642
1005.43,44.55948,1,0.708147792
945.44,43.27806,-1,0.510250828
754.58,45.9788,1,0.683530263
700.37,30.89931,1,0.148858858
536.79,16.03509,1,0.350683169
791.1,50.0361,-1,0.976606447
874.93,51.00351,-1,0.989372931
861.42,50.62645,-1,0.945541874
904.37,47.93922,1,0.275149739
570.52,20.03833,1,0.167352703
553.88,18.81748,1,0.206606481
1016.56,44.8487,1,0.572774056
825.28,47.79269,1,0.368736723
606.71,14.17746,-1,0.055663547
691.27,16.90109,-1,0.901021902
824.31,45.59353,1,0.062151694
656.83,12.37337,-1,0.081957072
592.89,14.45706,-1,0.273118719
723.86,43.95604,1,0.074808429
1007.85,40.93666,-1,0.372313263
962.85,39.06573,1,0.176268248
868.65,47.59831,1,0.58209977
613.86,20.91894,1,0.121200024
857.08,50.26746,-1,0.032129566
817.57,46.44358,1,0.871919019
819.98,46.18473,1,0.544355954
669.26,18.0583,1,0.3332648
846.96,51.08462,-1,0.190256102
753.62,47.97353,-1,0.028313761
588.6,19.84465,1,0.271387635
537.26,16.59211,1,0.181452841
609.09,14.73699,-1,0.74531872
552.46,12.46352,-1,0.428565595
604.32,14.3775,-1,0.89573768
1045.62,47.11602,-1,0.007107037
1041.75,48.33931,1,0.883294569
714.27,37.87583,-1,0.169063456
824.79,49.34105,-1,0.105888895
671.17,18.26758,1,0.957711682
636.76,21.04357,1,0.875347775
660.65,18.16831,1,0.946343514
960.43,40.40853,1,0.41120404
706.12,31.44028,-1,0.764623148
684.57,19.97257,1,0.408965833
947.86,41.92123,1,0.059093635
558.16,19.53542,1,0.770915122
961.39,38.64692,-1,0.768495685
567.67,13.87427,-1,0.027502971
811.79,51.4922,-1,0.270377772
850.33,50.88379,-1,0.196410066
859.49,51.35024,-1,0.534406387
965.75,36.80115,-1,0.764804729
530.14,10.21484,-1,0.455548832
971.07,39.02831,1,0.326931808
